Fighter,has_wiki_page
A.J. Dobson,False
A.J. Fletcher,False
AJ Cunningham,False
AJ Dobson,False
AJ Fletcher,False
ARCO Arena,True
Aalon Cruz,False
Aaron Brink,True
Aaron Phillips,True
Aaron Pico,True
Aaron Riley,True
Aaron Rosa,True
Aaron Simpson,True
Aaron Wilkinson,False
Abdul Razak Alhassan,True
Abdul-Kareem Al-Selwady,False
Abdul-Kerim Edilov,True
Abe Wagner,False
Abel Trujillo,True
Abner Lloveras,True
Ottman Azaitar,True
Abubakar Nurmagomedov,True
Abus Magomedov,True
Adam Cella,False
Adam Fugitt,False
Adam Milstead,True
Adam Wieczorek,True
Adam Yandiev,False
Adlan Amagov,True
Adrian Serrano,False
Adrian Yañez,True
Adriano Martins,True
Adriano Santos,False
Aiemann Zahabi,True
Ailín Pérez,True
Aisling Daly,True
Akbarh Arreola,True
Akihiro Gono,True
Akira Corassani,True
Al Iaquinta,True
Alan Baudot,True
Alan Belcher,True
Alan Jouban,True
Alan Omer,False
Alan Patrick,True
Alateng Heili,True
Albert Cheng,True
Albert Duraev,False
Albert Morales,True
Albert Tumenov,True
Alberto Cerro Leon,False
Alberto Crane,True
Alberto Mina,True
Alberto Uda,False
Alden Coria,False
Alejandro Pérez,True
Aleksa Camur,True
Aleksandar Rakić,True
Aleksandra Albu,True
Aleksandre Topuria,False
Aleksei Oleinik,True
Alen Amedovski,True
Alessandro Costa,True
Alessandro Ricci,True
Alessio Di Chirico,True
Alessio Sakara,True
Alex Andrade,True
Alex Caceres,True
Alex Chambers,True
Alex Garcia,True
Alex Gorgees,False
Alex Hunter,True
Alex Karalexis,True
Alex Morono,True
Alex Nicholson,True
Alex Oliveira,True
Alex Pereira,True
Alex Perez,True
Alex Reyes,True
Alex Schoenauer,True
Alex Soto,True
Alex Stiebling,True
Alex Torres,True
Alex White,True
Alex da Silva Coelho,True
Alexa Grasso,True
Alexander Gustafsson,True
Alexander Hernandez,True
Alexander Munoz,True
Alexander Muñoz,True
Alexander Romanov,True
Alexander Volkanovski,True
Alexander Volkov,True
Alexander Yakovlev,True
Alexandre Barros,False
Alexandre Dantas,True
Alexandre Ferreira,True
Alexandre Pantoja,True
Alexey Kunchenko,True
Alexey Oleynik,True
Alexia Thainara,False
Alexis Davis,True
Alexis Dufresne,False
Alfonso Alcarez,False
Ali AlQaisi,False
Ali Bagautinov,True
Aliaskhab Khizriev,False
Alibi Idiris,False
Alice Ardelean,False
Alice Pereira,False
Alistair Overeem,True
Aljamain Sterling,True
Allan Góes,True
Allan Nascimento,False
Allan Zuñiga,False
Allen Berube,False
Allen Crowder,True
Alonzo Menifield,True
Alp Ozkilic,True
Alptekin Özkılıç,True
Alvin Hines,False
Alvin Robinson,True
Amanda Brundage,True
Amanda Lemos,True
Amanda Nunes,True
Amanda Ribas,True
Amar Suloev,True
Amaury Bitetti,True
Amilcar Alves,False
Amir Albazi,True
Amir Sadollah,True
Anderson Silva,True
Anderson dos Santos,True
Andre Ewell,True
Andre Fili,True
Andre Petroski,True
Andre Roberts,True
Andre Soukhamthath,True
Andre Winner,True
Andrea Lee,True
Andreas Gustafsson,True
Andreas Michailidis,True
Andreas Ståhl,False
Andrei Arlovski,True
Andrei Semenov,True
Andrew Craig,True
Andrew Holbrook,True
Andrew Sanchez,True
Andrey Pulyaev,False
André Fialho,True
André Gusmão,False
André Lima,True
André Muniz,True
André Pederneiras,True
Andy Anderson,True
Andy Enz,True
Andy Main,True
Andy Ogle,True
Andy Wang,False
Ange Loosa,False
Angel Pacheco,True
Angela Hill,True
Angela Magaña,True
Anistavio Medeiros,False
Anna Elmose,False
Ansar Chalangov,False
Anshul Jubli,True
Ante Delija,True
Anthony Birchak,True
Anthony Christodoulou,False
Anthony Hamilton,True
Anthony Hernandez,True
Anthony Ivy,False
Anthony Johnson,True
Anthony Lapsley,True
Anthony Macias,True
Anthony Njokuani,True
Anthony Perosh,True
Anthony Pettis,True
Anthony Rocco Martin,True
Anthony Smith,True
Anthony Torres,False
Anton Kuivanen,True
Anton Turkalj,False
Anton Zafir,False
Antoni Hardonk,True
Antonina Shevchenko,True
Antonio Banuelos,True
Antonio Carvalho,True
A. J. McKee,True
Antonio Mendes,True
Antonio Silva,True
Antonio Trócoli,False
Antônio Arroyo,True
Antônio Braga Neto,True
Antônio Carlos Júnior,True
Antônio Rodrigo Nogueira,True
Antônio Rogério Nogueira,True
Antônio Silva,True
Antônio dos Santos Jr.,False
Anying Wang,False
Aori Qileng,True
Ariane Carnelossi,True
Ariane Lipski,True
Ariane da Silva,True
Ariel Beck,False
Arjan Bhullar,True
Arman Tsarukyan,True
Armen Petrosyan,True
Arnold Allen,True
Art Jimmerson,True
Artem Lobov,True
Asbel Cancio,False
Ashkan Mokhtarian,True
Ashlee Evans-Smith,True
Ashley Yoder,True
Askar Askarov,True
Askar Mozharov,False
Aspen Ladd,True
Assuério Silva,True
Asu Almabayev,True
Ateba Abega Gautier,False
Ateba Gautier,False
Augusto Mendes,True
Augusto Montaño,True
Augusto Sakai,True
Austen Lane,True
Austin Arnett,True
Austin Bashi,False
Austin Hubbard,True
Austin Lingo,True
Austin Springer,False
Austin Vanderford,True
Axel Sola,False
Azamat Bekoev,True
Azamat Gashimov,False
Azamat Murzakanov,True
Azat Maksum,False
B.J. Penn,True
Baergeng Jieleyisi,False
Baisangur Susurkaev,False
Barb Honchak,True
Bart Palaszewski,True
Bartosz Fabiński,True
Bas Rutten,True
Bassil Hafez,False
Baysangur Susurkaev,False
Bea Malecki,True
Beatriz Mesquita,True
Bec Rawlings,True
Bekzat Almakhan,True
Belal Muhammad,True
Ben Alloway,True
Ben Askren,True
Ben Earwood,False
Ben Nguyen,True
Ben Rothwell,True
Ben Saunders,True
Ben Sosoli,False
Ben Wall,False
Beneil Dariush,True
Benito Lopez,True
Benji Radach,True
Benoît Saint Denis,True
Benson Henderson,True
Bentley Syler,False
Bernardo Magalhaes,False
Bernardo Sopaj,False
Besam Yousef,False
Bethe Correia,True
Bevon Lewis,True
Bharat Kandare,False
Bill Algeo,True
Bill Mahood,False
Billy Elekana,False
Billy Goff,False
Billy Miles,True
Billy Quarantillo,True
Billy Ray Goff,False
Blagoy Ivanov,True
Blake Bilder,False
Bo Nickal,True
Bob Cook,True
Bob Gilstrap,True
Bobby Green,True
Bobby Hoffman,True
Bobby Moffett,True
Bobby Nash,True
Bobby Southworth,True
Bobby Voelker,True
Bogdan Grad,False
Bogdan Guskov,True
Bojan Mihajlović,True
Bojan Veličković,True
Bolaji Oki,False
Boston Salmon,False
Brad Blackburn,True
Brad Gumm,False
Brad Imes,True
Brad Katona,True
Brad Kohler,True
Brad Morris,True
Brad Pickett,True
Brad Riddell,True
Brad Scott,True
Brad Tavares,True
Brady Hiestand,False
Branden Lee Hinkle,True
Brando Peričić,False
Brandon Davis,True
Brandon Jenkins,True
Brandon Melendez,True
Brandon Moreno,True
Brandon Royval,True
Brandon Thatch,True
Brandon Vera,True
Brandon Wolff,True
Braxton Smith,False
Brendan Allen,True
Brendan Loughnane,True
Brendan Marotte,False
Brendan O'Reilly,True
Brendan Schaub,True
Brendon Marotte,False
Brendson Ribeiro,False
Brett Johns,True
Brian Bowles,True
Brian Camozzi,True
Brian Cobb,False
Brian Ebersole,True
Brian Foster,True
Brian Gassaway,True
Brian Geraghty,True
Brian Houston,True
Brian Johnston,True
Brian Kelleher,True
Brian Melancon,True
Brian Ortega,True
Brian Stann,True
Brianna Van Buren,True
Bristol Marunde,True
Brock Jardine,False
Brock Larson,True
Brock Lesnar,True
Brodie Farber,True
Brogan Walker,True
Brok Weaver,True
Bruna Brasil,False
Brunno Ferreira,False
Bruno Gustavo da Silva,True
Bruno Korea,False
Bruno Lopes,True
Bruno Santos,True
Bruno Silva,True
Bruno Souza,True
Bryan Barberena,True
Bryan Battle,True
Bryan Caraway,True
Bryce Mitchell,True
Bubba Bush,False
Bubba McDaniel,True
Buddy Roberts,True
Byron Bloodworth,False
C. B. Dollaway,True
C.J. Keith,False
C.J. Vergara,True
CJ Fernandes,False
CM Punk,True
Cain Carrizosa,False
Cain Velasquez,True
Caio Borralho,True
Caio Machado,False
Caio Magalhaes,True
Caio Magalhães,True
Cal Worsham,False
Cale Yarbrough,False
Callan Potter,True
Calvin Kattar,True
Cameron Dollar,True
Cameron Else,False
Cameron Rowston,False
Cameron Saaiman,True
Cameron Smotherman,False
Cameron VanCamp,False
Caol Uno,True
Caolán Loughran,False
Carl Deaton III,False
Carla Esparza,True
Carli Judice,False
Carlo Pedersoli Jr.,True
Carlo Prater,True
Carlos Barreto,True
Carlos Candelario,False
Carlos Condit,True
Carlos Diego Ferreira,True
Carlos Eduardo Rocha,True
Carlos Felipe,True
Carlos Hernandez,True
Carlos Hernández,True
Carlos Huachin,False
Carlos Leal,True
Carlos Leal Miranda,False
Carlos Mota,False
Carlos Newton,True
Carlos Prates,True
Carlos Ulberg,True
Carlos Vera,True
Carls John de Tomas,False
Carlston Harris,True
Carlton Minus,False
Carmelo Marrero,True
Caros Fodor,True
Casey Kenney,True
Casey O'Neill,True
Cat Zingano,True
Cathal Pendred,True
Cesar Arzamendia,False
Cesar Marscucci,False
Cezar Ferreira,True
Chad Anheliger,False
Chad Griggs,True
Chad Laprise,True
Chad Mendes,True
Chad Reiner,False
Chael Sonnen,True
Chan Sung Jung,True
Chan-Mi Jeon,False
Chance Rencountre,True
Charalampos Grigoriou,False
Charles Byrd,True
Charles Johnson,True
Charles Jourdain,True
Charles McCarthy,True
Charles Oliveira,True
Charles Radtke,True
Charles Rosa,True
Charlie Brenneman,True
Charlie Campbell,True
Charlie Ontiveros,False
Charlie Rader,False
Charlie Radtke,False
Charlie Valencia,True
Charlie Ward,True
Chas Skelly,True
Chase Gormley,True
Chase Hooper,True
Chase Sherman,True
Che Mills,True
Cheick Kongo,True
Chelsea Chandler,True
Chepe Mariscal,False
Cheyanne Buys,True
Cheyanne Vlismas,True
Chico Camus,True
Chidi Njokuani,True
Choi Dong-hun,True
Choi Doo-ho,True
Choi Seung-guk,False
Choi Seung-woo,True
Chris Avila,True
Chris Barnett,True
Chris Beal,True
Chris Brennan,True
Chris Camozzi,True
Chris Cariaso,True
Chris Clements,True
Chris Condo,False
Chris Cope,True
Chris Curtis,True
Chris Daukaus,True
Chris Dempsey,True
Chris Duncan,True
Chris Fishgold,True
Chris Gruetzemacher,True
Chris Gutiérrez,True
Chris Haseman,True
Chris Heatherly,False
Chris Holdsworth,True
Chris Indich,False
Chris Kelades,True
Chris Leben,True
Chris Liguori,False
Chris Lytle,True
Chris Padilla,True
Chris Price,True
Chris Sanford,True
Chris Saunders,True
Chris Spång,False
Chris Tickle,False
Chris Tuchscherer,True
Chris Wade,True
Chris Weidman,True
Chris Wilson,True
Chris de la Rocha,True
Christian Aguilera,True
Christian Colombo,True
Christian Leroy Duncan,True
Christian Morecraft,True
Christian Rodriguez,True
Christian Wellisch,True
Christina Marks,True
Christophe Leininger,True
Christos Giagos,True
Chuck Liddell,True
Chuck O'Neil,True
Cindy Dandois,True
Ciryl Gane,True
Claude Patrick,True
Claudio Puelles,True
Claudio Ribeiro,True
Clay Collard,True
Clay Guida,True
Clay Harvison,True
Clayton Carpenter,False
Clifford Starks,True
Clint Hester,True
Cláudia Gadelha,True
Cláudio Ribeiro,True
Cláudio Silva,True
Cody Brundage,True
Cody Donovan,True
Cody Durden,True
Cody East,False
Cody Garbrandt,True
Cody Gibson,True
Cody Haddon,False
Cody McKenzie,True
Cody Pfister,True
Cody Stamann,True
Colby Covington,True
Colby Thicknesse,False
Cole Escovedo,True
Cole Miller,True
Cole Smith,True
Cole Williams,True
Colin Fletcher,True
Colin Robinson,True
Collin Anglin,False
Collin Hart,False
Colton Smith,True
Connor Matthews,False
Conor McGregor,True
Corey Anderson,True
Corey Hill,True
Cortavious Romious,False
Cortney Casey,True
Cory Hendricks,False
Cory McKenna,True
Cory Sandhagen,True
Cory Walmsley,True
Costas Philippou,True
Court McGee,True
Courtney Turner,True
Crafton Wallace,False
Craig White,True
Cris Cyborg,True
Cristian Quiñonez,False
Cristian Quiñónez,False
Cristiano Marcello,True
Cristina Stanciu,False
Cub Swanson,True
Cung Le,True
Curt Warburton,True
Curtis Blaydes,True
Curtis Millender,True
Curtis Stout,False
Cynthia Calvillo,True
Cyril Asker,True
Cyrille Diabate,True
Cyrille Diabaté,True
César Almeida,True
Da Un Jung,True
Da'Mon Blackshear,False
DaMarques Johnson,True
Daichi Abe,True
Daiju Takase,True
Dakota Bush,False
Dalcha Lungiambula,True
Dale Hartt,True
Damacio Page,True
Damian Grabowski,True
Damian Stasiak,True
Damien Brown,True
Damir Hadžović,True
Damir Ismagulov,True
Damon Jackson,True
Dan Argueta,False
Dan Barrera,True
Dan Bobish,True
Dan Christison,True
Dan Cramer,True
Dan Evensen,True
Dan Hardy,True
Dan Henderson,True
Dan Hooker,True
Dan Ige,True
Dan Kelly,True
Dan Lauzon,True
Dan Miller,True
Dan Moret,False
Dan Severn,True
Dan Stittgen,False
Danaa Batgerel,True
Daniel Argueta,False
Daniel Barez,False
Daniel Bárez,False
Daniel Cormier,True
Daniel Frunza,False
Daniel Jolly,False
Daniel Lacerda,True
Daniel Marcos,True
Daniel Omielańczuk,True
Daniel Pineda,True
Daniel Roberts,True
Daniel Rodriguez,True
Daniel Santos,True
Daniel Sarafian,True
Daniel Spitz,True
Daniel Spohn,True
Daniel Teymur,True
Daniel Zellhuber,True
Daniel da Silva,True
Danielle Taylor,True
Daniil Donchenko,False
Danillo Villefort,True
Danilo Belluardo,False
Danilo Marques,True
Danny Abbadi,False
Danny Barlow,False
Danny Castillo,True
Danny Chavez,True
Danny Downes,True
Danny Henry,True
Danny Martinez,True
Danny Mitchell,True
Danny Roberts,True
Danny Silva,True
Dante Rivera,True
Danyelle Wolf,True
Daria Zheleznyakova,False
Darian Weeks,False
Darko Stošić,True
Daron Cruickshank,True
Darrel Gholar,False
Darrell Horcher,True
Darrell Montague,True
Darren Elkins,True
Darren Stewart,True
Darren Till,True
Darren Uyenoyama,True
Darrick Minner,True
Darrill Schoonover,True
Darrius Flowers,False
Darya Zheleznyakova,False
Dashon Johnson,True
Dave Beneteau,True
Dave Berry,True
Dave Galera,False
Dave Herman,True
Dave Kaplan,True
Dave Menne,True
Dave Roberts,True
Dave Strasser,True
Davey Grant,True
Davi Ramos,True
David Baron,True
David Bielkheden,True
David Branch,True
David Dodd,True
David Dvořák,True
David Heath,True
David Hood,True
David Lee,True
David Levicki,False
David Loiseau,True
David Martínez,True
David Michaud,True
David Mitchell,True
David Onama,True
David Terrell,True
David Teymur,True
David Velasquez,True
David Zawada,True
DeAnna Bennett,True
Dean Barry,False
Dean Lister,True
Deiveson Figueiredo,True
Delson Heleno,False
Demetrious Johnson,True
Demian Maia,True
Denis Kang,True
Denis Stojnić,False
Denis Tiuliulin,False
Denise Gomes,True
Dennis Bermudez,True
Dennis Buzukja,False
Dennis Hallman,True
Dennis Siver,True
Denys Bondar,False
Dequan Townsend,True
Derek Brunson,True
Derek Downey,False
Deron Winn,True
Derrick Krantz,True
Derrick Lewis,True
Derrick Noble,False
Desmond Green,True
Devin Clark,True
Devin Powell,True
Devonte Smith,True
Dhiego Lima,True
Diana Belbiţă,True
Diego Brandao,True
Diego Brandão,True
Diego Lopes,True
Diego Nunes,True
Diego Rivas,True
Diego Sanchez,True
Diego Saraiva,False
Dieuseul Berto,True
Dileno Lopes,False
Din Thomas,True
Dione Barbosa,False
Diyar Nurgozhay,False
Djorden Ribeiro dos Santos,False
Dmitri Stepanov,False
Dmitriy Sosnovskiy,False
Dmitry Smolyakov,False
Dokonjonosuke Mishima,True
Domingo Pilarte,True
Dominic Waters,True
Dominick Cruz,True
Dominick Reyes,True
Dominique Steele,True
Don Frye,True
Don Madge,False
Don Shainis,False
Don'Tale Mayes,True
Donald Cerrone,True
Dong Hyun Kim,True
Dong Hyun Ma,True
Dongi Yang,True
Donnie Chappell,False
Donny Walker,True
Donte Johnson,False
Dorian Price,True
Doug Evans,True
Douglas Silva de Andrade,True
Drakkar Klose,True
Drako Rodriguez,False
Drew Dober,True
Drew Fickett,True
Drew McFedries,True
Dricus du Plessis,True
Duane Ludwig,True
Duda Santana,False
Dustin Hazelett,True
Dustin Jacoby,True
Dustin Kimura,True
Dustin Neace,True
Dustin Ortiz,True
Dustin Pague,True
Dustin Poirier,True
Dustin Stoltzfus,True
Duško Todorović,True
Dwayne Cason,False
Dwight Grant,True
Dylan Andrews,True
Dylan Budka,False
Ebenezer Fontes Braga,True
Ed Herman,True
Eddie Alvarez,True
Eddie Gordon,True
Eddie Mendez,False
Eddie Ruiz,False
Eddie Sanchez,True
Eddie Wineland,True
Eddie Yagin,False
Edgar Chairez,False
Edgar Garcia,True
Edgar García,True
Edilberto de Oliveira,False
Edmen Shahbazyan,True
Ednaldo Oliveira,False
Edson Barboza,True
Eduarda Moura,False
Edward Faaloloto,True
Edwin Dewees,False
Edwin Figueroa,True
Efrain Escudero,True
Eiji Mitsuoka,True
Eldo Dias Xavier,False
Elias Garcia,False
Elias Silverio,True
Elias Silvério,True
Elias Theodorou,True
Elijah Smith,True
Eliot Marshall,True
Elise Reed,True
Elisha Ellison,False
Elizabeth Phillips,True
Elizeu Zaleski dos Santos,True
Elves Brener,False
Elvis Mutapčić,True
Elvis Sinosic,True
Emil Weber Meek,True
Emily Ducote,True
Emily Kagan,True
Emily Whitmire,True
Emmanuel Yarbrough,True
Enrique Barzola,True
Enrique Marín,False
Enson Inoue,True
Eric Martin,True
Eric McConico,False
Eric Nolan,False
Eric Schafer,True
Eric Shelton,True
Eric Spicely,True
Eric Wisely,True
Erick Gonzalez,False
Erick Montaño,False
Erick Silva,True
Ericka Almeida,False
Erik Koch,True
Erik Silva,False
Erin Blanchfield,True
Ernest Chavez,True
Ernesta Kareckaitė,False
Ernie Verdicia,False
Eryk Anders,True
Esteban Ribovics,True
Estevan Payan,False
Ethyn Ewing,False
Eugene Jackson,True
Eugenio Tadeu,True
Evan Dunham,True
Evan Elder,False
Evan Tanner,True
Fabiano Iha,True
Fabiano Scherner,True
Fabio Cherant,True
Fabio Maldonado,True
Fabricio Camoes,True
Fabrício Camões,True
Fabrício Werdum,True
Falaniko Vitale,True
Farid Basharat,True
Farès Ziam,True
Fatima Kline,False
Felice Herrig,True
Felicia Spencer,True
Felipe Arantes,True
Felipe Bunes,False
Felipe Colares,True
Felipe Lima,True
Felipe Olivieri,False
Felipe Silva,True
Felipe dos Santos,True
Felix Mitchell,True
Feng Xiaocan,False
Fernando Bruno,True
Fernando Padilla,False
Fernie Garcia,False
Filip Pejić,False
Flavio Luiz Moura,False
Floyd Sword,False
Forrest Griffin,True
Forrest Petz,True
Fort Campbell,True
Francesco Maturi,False
Francimar Barroso,True
Francis Carmont,True
Francis Marshall,True
Francis Ngannou,True
Francisco Figueiredo,True
Francisco Prado,False
Francisco Rivera,True
Francisco Treviño,True
Francisco Trinaldo,True
Frank Camacho,True
Frank Caracci,False
Frank Hamaker,False
Frank Lester,True
Frank Mir,True
Frank Shamrock,True
Frank Trigg,True
Frankie Edgar,True
Frankie Perez,True
Frankie Saenz,True
Fred Ettish,False
Fredson Paixão,True
Fredy Serrano,True
Fábio Gurgel,True
Fábio Maldonado,True
Gabe Ruediger,True
Gabriel Benítez,True
Gabriel Bonfim,True
Gabriel Gonzaga,True
Gabriel Green,True
Gabriel Miranda,True
Gabriel Santos,True
Gabriel Silva,True
Gabriella Fernandes,False
Gadzhi Omargadzhiev,False
Gadzhimurad Antigulov,True
Gaetano Pirrello,False
Galore Bofando,False
Gan McGee,True
Garett Whiteley,True
Garreth McLellan,True
Garrett Armfield,False
Gary Goodridge,True
Gasan Umalatov,True
Gastón Bolaños,False
Gauge Young,False
Gavin Tucker,True
Geane Herrera,True
Gegard Mousasi,True
Genaro Valdez,False
Genaro Valdèz,False
Genaro Valdéz,False
Genki Sudo,True
Geoff Neal,True
George Roop,True
George Sotiropoulos,True
George Sullivan,True
Georges St-Pierre,True
Gerald Harris,True
Gerald Meerschaert,True
Gerald Strebendt,True
Geraldo de Freitas,True
Gerard Gordeau,True
Germaine de Randamie,True
Gerry Harris,True
Geza Kalman,False
Gian Villante,True
Gideon Ray,True
Giga Chikadze,True
Gil Castillo,True
Gilbert Aldana,False
Gilbert Burns,True
Gilbert Melendez,True
Gilbert Smith,True
Gilbert Urbina,False
Gilbert Yvel,True
Gillian Robertson,True
Gina Mazany,True
Glaico França,False
Gleison Tibau,True
Gloria de Paula,True
Glover Teixeira,True
Godofredo Pepey,True
Goran Reljic,True
Grant Dawson,True
Gray Maynard,True
Greg Hardy,True
Greg Soto,True
Greg Stott,False
Gregor Gillespie,True
Gregory Rodrigues,True
Grigory Popov,False
Guido Cannetti,True
Guilherme Vasconcelos,False
Gunnar Nelson,True
Guram Kutateladze,True
Gustavo Lopez,True
Guto Inocente,True
Guy Mezger,True
Gökhan Saki,True
Hacran Dias,True
Hailey Cowan,False
Hakeem Dawodu,True
Hamdy Abdelwahab,True
Hannah Cifers,True
Hannah Goldy,True
Hans Stringer,True
Harold Howard,True
Harry Hardwick,True
Harry Hunsucker,False
Harry Moskowitz,True
Hatsu Hioki,True
Hayato Sakurai,True
Hayder Hassan,True
Hayisaer Maheshate,False
He-Man Ali Gipson,False
Heath Herring,True
Heather Jo Clark,True
Hector Aldana,True
Hector Lombard,True
Hector Ramirez,True
Hector Sandoval,True
Hector Urbina,True
Henrique da Silva,True
Henry Briones,True
Henry Cejudo,True
Henry Martinez,True
Herbert Burns,True
Hermes Franca,True
Hermes França,True
Hernani Perpétuo,False
Holly Holm,True
Homer Moore,True
Honda Center,True
Horacio Gutiérrez,True
Houston Alexander,True
Houston Dorr,False
Hu Yaozong,True
Hugo Duarte,True
Hugo Viana,True
Humberto Bandenay,True
Humberto Brown,False
Hunter Azure,True
Hyder Amil,True
Hyun Gyu Lim,True
Héctor Lombard,True
Héctor Urbina,True
Ian Entwistle,True
Ian Freeman,True
Ian Garry,True
Ian Heinisch,True
Ian Loveland,True
Ian Machado Garry,True
Ian McCall,True
Iasmin Lucindo,False
Ibo Aslan,True
Icho Larenas,False
Ignacio Bahamondes,True
Igor Araújo,True
Igor Pokrajac,True
Igor Severino,True
Igor Zinoviev,False
Ihor Potieria,False
Ike Villanueva,True
Ikram Aliskerov,True
Ikuhisa Minowa,True
Ildemar Alcantara,True
Ildemar Alcântara,True
Ilia Topuria,True
Iliarde Santos,True
Ilir Latifi,True
Impa Kasanganay,True
Ion Cuțelaba,True
Irene Aldana,True
Irina Alekseeva,True
Irwin Rivera,True
Isaac Dulgarian,False
Isaac Vallie-Flagg,True
Isabella de Pádua,False
Islam Dulatov,True
Islam Makhachev,True
Ismael Bonfim,False
Ismail Naurdiev,True
Israel Adesanya,True
Issei Tamura,True
Istela Nunes,False
Iuri Alcântara,True
Ivan Erslan,False
Ivan Jorge,True
Ivan Menjivar,True
Ivan Salaverry,True
Ivan Serati,False
Ivana Petrović,False
Izabela Badurek,False
J.C. Cottrell,False
JJ Aldrich,True
JP Buys,True
Jack Della Maddalena,True
Jack Hermansson,True
Jack Jenkins,True
Jack Marshman,True
Jack May,True
Jack McLaughlin,True
Jack Nilson,True
Jack Shore,True
Jackie Lee,True
Jackson McVey,False
Jacob Kilburn,False
Jacob Malkoun,True
Jacob Volkmann,True
Jacobe Smith,False
Jacqueline Cavalcanti,True
Jafel Filho,False
Jai Herbert,True
Jailton Almeida,True
Jairzinho Rozenstruik,True
Jake Collier,True
Jake Ellenberger,True
Jake Hadley,False
Jake Hecht,True
Jake Lindsey,True
Jake Matthews,True
Jake O'Brien,True
Jake Rosholt,True
Jake Shields,True
Jakub Wikłacz,False
Jalin Turner,True
Jamahal Hill,True
Jamal Pogues,False
Jamall Emmers,True
James Bochnovic,False
James Giboo,False
James Hammortree,False
James Head,True
James Irvin,True
James Krause,True
James Lee,True
James Llontop,False
James McSweeney,True
James Moontasri,True
James Mulheron,False
James Te Huna,True
James Toney,True
James Vick,True
James Wilks,True
James Zikic,False
Jamey Simmons,False
Jamey-Lyn Horth,False
Jamie Moyle,True
Jamie Mullarkey,True
Jamie Pickett,True
Jamie Varner,True
Jamie Yager,False
Jan Błachowicz,True
Jaqueline Amorim,False
Jared Cannonier,True
Jared Gooden,True
Jared Gordon,True
Jared Hamman,True
Jared Papazian,False
Jared Rollins,True
Jared Rosholt,True
Jared Vanderaa,True
Jarjis Danho,True
Jarno Errens,False
Jarred Brooks,True
Jasmine Jasudavicius,True
Jason Black,True
Jason Brilz,True
Jason Day,True
Jason DeLucia,True
Jason Dent,True
Jason Fairn,False
Jason Gilliam,False
Jason Godsey,False
Jason Gonzalez,True
Jason High,True
Jason Jackson,True
Jason Knight,True
Jason Lambert,True
Jason MacDonald,True
Jason Miller,True
Jason Novelli,False
Jason Reinhardt,True
Jason Saggo,True
Jason Tan,True
Jason Thacker,False
Jason Von Flue,True
Jason Witt,True
Jason Young,True
Javid Basharat,True
Javier Vazquez,True
Jay Cucciniello,True
Jay Hieron,True
Jay Perrin,False
Jay Silva,True
Jean Matsumoto,False
Jean Silva,True
Jeff Cox,True
Jeff Curran,True
Jeff Hougland,True
Jeff Hughes,True
Jeff Joslin,False
Jeff Molina,True
Jeff Monson,True
Jeff Newton,True
Jeka Saragih,True
Jenel Lausa,True
Jennifer Maia,True
Jens Pulver,True
Jeremiah Wells,True
Jeremy Horn,True
Jeremy Jackson,True
Jeremy Kennedy,True
Jeremy Kimball,True
Jeremy Larsen,True
Jeremy Stephens,True
Jermaine Andre,False
Jerome Rivera,True
Jerrod Sanders,True
Jerry Bohlander,True
Jess Liaudin,True
Jessamyn Duke,True
Jesse Bongfeldt,False
Jesse Butler,True
Jesse Forbes,True
Jesse Lennox,False
Jesse Ronson,True
Jesse Sanders,True
Jesse Strader,False
Jesse Taylor,True
Jessica Aguilar,True
Jessica Eye,True
Jessica Penne,True
Jessica Rakoczy,True
Jessica-Rose Clark,True
Jessin Ayari,True
Jesus Pinedo,True
Jesús Santos Aguilar,False
Jhonata Diniz,True
Ji Yeon Kim,True
Jianping Yang,False
Jim Alers,True
Jim Miller,True
Jim Mullen,True
Jim Wallhead,True
Jimi Manuwa,True
Jimmie Rivera,True
Jimmy Crute,True
Jimmy Flick,False
Jimmy Quinlan,True
Jimy Hettes,True
Jin Soo Son,False
Jinh Yu Frey,True
Jiří Procházka,True
Joachim Christensen,True
Joanderson Brito,False
Joanna Jędrzejczyk,True
Joanne Calderwood,True
Joanne Wood,True
Joao Marcos Pierini,False
Joao Roque,True
Joaquim Silva,True
Joaquin Buckley,True
Joby Sanchez,False
Jocelyn Jones-Lybarger,True
Jodie Esquibel,True
Joe Brammer,False
Joe Charles,True
Joe Doerksen,True
Joe Duffy,True
Joe Ellenberger,True
Joe Giannetti,True
Joe Gigliotti,False
Joe Jordan,True
Joe Lauzon,True
Joe Merritt,False
Joe Moreira,True
Joe Pardo,False
Joe Proctor,True
Joe Pyfer,True
Joe Riggs,True
Joe Slick,False
Joe Solecki,True
Joe Son,True
Joe Soto,True
Joe Stevenson,True
Joe Vedepo,True
Joe Veres,False
Joel Sutton,False
Joel Álvarez,True
Joey Beltran,True
Joey Gambino,False
Joey Gilbert,True
Joey Gomez,False
Joey Roberts,False
John Albert,True
John Alessio,True
John Allan,True
John Campetella,False
John Castañeda,True
John Cholish,True
John Cofer,False
John Dodson,True
John Dowdy,True
John Gunderson,True
John Gunther,True
John Halverson,False
John Hathaway,True
John Howard,True
John Kolosci,True
John Lewis,True
John Lineker,True
John Lober,True
John Maguire,True
John Makdessi,True
John Marsh,True
John Matua,True
John Moraga,True
John Phillips,True
John Polakowski,True
John Salter,True
John Teixeira,True
John Yannis,False
John-Olav Einemo,True
Johnny Bedford,True
Johnny Case,True
Johnny Eduardo,True
Johnny Muñoz Jr.,True
Johnny Rees,False
Johnny Rhodes,True
Johnny Walker,True
Johny Hendricks,True
Jon Delos Reyes,True
Jon Fitch,True
Jon Hess,True
Jon Jones,True
Jon Koppenhaver,True
Jon Madsen,True
Jon Manley,True
Jon Tuck,True
Jonathan Brookins,True
Jonathan Goulet,True
Jonathan Martinez,True
Jonathan Meunier,True
Jonathan Micallef,False
Jonathan Pearce,True
Jonathan Wiezorek,False
Jonathan Wilson,True
Jonavin Webb,False
Jonny Parsons,False
Jordan Espinosa,True
Jordan Griffin,True
Jordan Johnson,True
Jordan Leavitt,True
Jordan Mein,True
Jordan Radev,True
Jordan Rinaldi,True
Jordan Vucenic,False
Jordan Williams,True
Jordan Wright,True
Jorge Gurgel,True
Jorge Lopez,True
Jorge Masvidal,True
Jorge Patino,True
Jorge Rivera,True
Jorge Santiago,True
Jorge de Oliveira,True
Jose Delgado,True
Jose Johnson,False
Jose Maria Tome,False
Jose Miguel Delgado,False
Jose Ochoa,False
Jose Torres,True
Josefine Lindgren Knutsson,True
Joselyne Edwards,True
Joseph Benavidez,True
Joseph Duffy,True
Joseph Holmes,True
Joseph Morales,True
Joseph Sandoval,False
Josh Barnett,True
Josh Bryant,False
Josh Burkman,True
Josh Clopton,False
Josh Copeland,False
Josh Emmett,True
Josh Ferguson,True
Josh Fremd,False
Josh Grispi,True
Josh Haynes,True
Josh Hendricks,False
Josh Hokit,True
Josh Koscheck,True
Josh Neer,True
Josh Parisian,True
Josh Quinlan,False
Josh Rafferty,False
Josh Samman,True
Josh Sampo,True
Josh Schockman,False
Josh Shockley,True
Josh Stansbury,True
Josh Stuart,True
Josh Thomson,True
Joshua Culibao,True
Joshua Van,True
Joshua Weems,False
Josiane Nunes,True
Josias Musasa,False
José Alberto Quiñónez,True
José Aldo,True
José Maria Tomé,False
José Medina,True
José Ochoa,True
José Quiñónez,False
Journey Newson,True
João Zeferino,False
Juan Adams,True
Juan Espino,True
Juan Puig,False
Juancamilo Ronderos,False
Jules Bruchez,True
Julia Avila,True
Julia Polastri,False
Julian Erosa,True
Julian Marquez,True
Julian Sanchez,True
Juliana Lima,True
Juliana Miller,False
Julianna Peña,True
Julie Kedzie,True
Julija Stoliarenko,True
Julio Arce,True
Julio Paulino,False
Julius Walker,False
Jun Yong Park,True
Jung Chan-sung,True
Jung Da Un,True
Jung Da-un,False
Jung Da-woon,False
Junie Browning,False
Junior Assuncao,True
Junior Assunção,True
Junior Hernandez,False
Junior Tafa,True
Junior dos Santos,True
Jussier Formiga,True
Justin Buchholz,True
Justin Edwards,True
Justin Eilers,True
Justin Frazier,True
Justin Gaethje,True
Justin James,True
Justin Jaynes,True
Justin Jones,True
Justin Lawrence,True
Justin Ledet,True
Justin Levens,True
Justin Martin,True
Justin McCully,True
Justin Salas,True
Justin Scoggins,True
Justin Tafa,True
Justin Willis,True
Justin Wren,True
Justine Kish,True
Jutaro Nakao,True
Jéssica Andrade,True
Júnior Albini,True
Júnior Assunção,True
Jędrzejczyk,True
K. J. Noons,True
KB Bhullar,False
Kaan Ofli,False
Kai Asakura,True
Kai Kamaka III,True
Kai Kara-France,True
Kailin Curran,True
Kajan Johnson,True
Kalib Starnes,True
Kalindra Faria,True
Kamal Shalorus,True
Kamaru Usman,True
Kamuela Kirk,False
Kanako Murata,True
Kang Kyung-ho,True
Karine Gevorgyan,False
Karine Silva,True
Karl Roberson,True
Karl Williams,True
Karlos Vemola,True
Karo Parisyan,True
Karol Rosa,True
Karolina Kowalkiewicz,True
Katlyn Cerminara,True
Katlyn Chookagian,True
Katsuhisa Fujii,True
Katsunori Kikuno,True
Kauê Fernandes,False
Kay Hansen,True
Kayla Harrison,True
Kaynan Kruschewsky,False
Kazuhiro Nakamura,True
Kazuki Tokudome,True
Kazula Vargas,True
Kazushi Sakuraba,True
Keigo Kunihara,False
Keiichiro Yamamiya,True
Keita Nakamura,True
Keith Berish,False
Keith Hackney,True
Keith Jardine,True
Keith Mielke,False
Keith Rockel,False
Keith Wisniewski,True
Kelly Dullanty,True
Kelly Faszholz,True
Kelvin Gastelum,True
Ken Shamrock,True
Ken Stone,True
Kendall Grove,True
Kenichi Yamamoto,True
Kennedy Nzechukwu,True
Kenny Florian,True
Kenny Robertson,True
Kerry Schall,True
Ketlen Souza,True
Ketlen Vieira,True
Kevin Aguilar,True
Kevin Borjas,False
Kevin Burns,True
Kevin Casey,True
Kevin Christian,False
Kevin Croom,True
Kevin Holland,True
Kevin Jackson,True
Kevin Jordan,True
Kevin Jousset,True
Kevin Lee,True
Kevin Natividad,False
Kevin Randleman,True
Kevin Rosier,True
Kevin Souza,True
Kevin Vallejos,False
Khabib Nurmagomedov,True
Khadis Ibragimov,True
Khalid Murtazaliev,False
Khalid Taha,True
Khalil Rountree Jr.,True
Khama Worthy,True
Khamzat Chimaev,True
Khaos Williams,True
Khusein Askhabov,False
Kiefer Crosbie,False
Kiichi Kunimoto,True
Kim Dong-hyun,True
Kim Ji-yeon,True
Kimbo Slice,True
Kimo Leopoldo,True
King Green,True
Kiru Singh Sahota,False
Kit Cope,True
Klaudia Syguła,False
Kleydson Rodrigues,False
Klidson Abreu,True
Ko Seok-hyun,False
Kody Steele,False
Koji Kitao,True
Koji Oishi,False
Konstantin Erokhin,False
Kris McCray,True
Kris Moutinho,False
Kristian Rothaermel,True
Kristof Midoux,False
Kron Gracie,True
Krzysztof Jotko,True
Krzysztof Soszynski,True
Kuniyoshi Hironaka,True
Kurt Holobaugh,True
Kurt Pellegrino,True
Kwan Ho Kwak,False
Kyacey Uscola,True
Kyle Bochniak,True
Kyle Bradley,True
Kyle Daukaus,True
Kyle Kingsbury,True
Kyle Nelson,True
Kyle Noke,True
Kyle Prepolec,True
Kyle Stewart,True
Kyle Watson,True
Kyler Phillips,True
Kyoji Horiguchi,True
LaVerne Clark,True
Lance Benoist,True
Lance Gibson,True
Lando Vannata,True
Landon Quiñones,False
Lara Procópio,True
Larissa Pacheco,True
Larry Cureton,False
Laureano Staropoli,True
Lauren Mueller,True
Lauren Murphy,True
Lavar Johnson,True
Laverne Clark,True
Leah Letson,True
Leandro Issa,True
Leandro Silva,True
Lee Chang-ho,True
Lee Jeong-yeong,True
Lee Murray,True
Leigh Remedios,False
Leo Kuntz,False
Leomana Martinez,False
Leon Edwards,True
Leonard Garcia,True
Leonardo Augusto Guimarães,False
Leonardo Mafra,True
Leonardo Morales,True
Leonardo Santos,True
Lerone Murphy,True
Leslie Smith,True
Levan Makashvili,True
Lewis Gonzalez,False
Li Jingliang,True
Liana Jojua,True
Liang Na,True
Liliya Shakirova,False
Lim Hyun-gyu,True
Lina Länsberg,True
Lisa Ellis,True
Liu Pingyuan,True
Liudvik Sholinian,False
Liz Carmouche,True
Lodune Sincaid,True
Logan Clark,True
Loik Radzhabov,False
Loma Lookboonmee,True
Lone'er Kavanagh,False
Loopy Godinez,True
Loopy Godínez,False
Lorenz Larkin,True
Louie Sutherland,False
Louis Cosce,False
Louis Gaudinot,True
Louis Smolka,True
Lowell Anderson,True
Luan Chagas,True
Luan Lacerda,False
Luana Carolina,True
Luana Pinheiro,True
Luana Santos,False
Lucas Alexander,False
Lucas Almeida,False
Lucas Martins,True
Lucas Rocha,True
Lucie Pudilová,True
Lucio Linhares,False
Luigi Fioravanti,True
Luigi Vendramini,True
Luis Gurule,False
Luis Henrique,True
Luis Henrique da Silva,False
Luis Pajuelo,False
Luis Peña,True
Luis Ramos,True
Luis Saldaña,True
Luiz Cane,True
Luiz Cané,True
Luiz Dutra Jr.,False
Luiz Eduardo Garagorri,True
Luke Barnatt,True
Luke Caudillo,True
Luke Cummo,True
Luke Jumeau,True
Luke Rockhold,True
Luke Sanders,True
Luke Zachrich,True
Lupita Godinez,True
Lyman Good,True
Lyoto Machida,True
Lívia Renata Souza,True
Mac Danzig,True
Maciej Jewtuszko,True
Mackens Semerzier,True
Mackenzie Dern,True
Macy Chiasson,True
Mads Burnell,True
Magnus Cedenblad,True
Magomed Ankalaev,True
Magomed Bibulatov,True
Magomed Gadzhiyasulov,False
Magomed Mustafaev,True
Maheshate Hayisaer,False
Maia Stevenson,False
Maiquel Falcão,True
Mairbek Taisumov,True
Mairon Santos,False
Makhmud Muradov,True
Maki Pitolo,True
Makwan Amirkhani,True
Malcolm Gordon,True
Malcolm Wellmaker,False
Mallory Martin,True
Mana Martinez,False
Mandy Böhm,False
Manel Kape,True
Manny Bermudez,True
Manny Gamburyan,True
Manolo Zecchini,False
Manon Fiorot,True
Mansur Abdul-Malik,False
Manuel Rodriguez,True
Manuel Torres,True
Manvel Gamburyan,True
MarQuel Mederos,False
Mara Romero Borella,True
Marc Diakiese,True
Marc-André Barriault,True
Marcel Fortuna,True
Marcelo Aguiar,True
Marcelo Golm,True
Marcelo Guimarães,True
Marcelo Mello,False
Marcelo Rojo,False
Marcin Bandel,False
Marcin Held,True
Marcin Prachnio,True
Marcin Tybura,True
Marcin Wrzosek,False
Marcio Cruz,True
Marco Beltrán,True
Marco Ruas,True
Marco Tulio,True
Marcos Rogério de Lima,True
Marcos Rosa Mariano,False
Marcos Vinicius,True
Marcus Aurelio,True
Marcus Aurélio,True
Marcus Bossett,True
Marcus Brimage,True
Marcus Buchecha,True
Marcus Davis,True
Marcus Jones,True
Marcus LeVesseur,True
Marcus McGhee,True
Marcus Silveira,False
Maria Oliveira,False
Maria de Oliveira Neta,False
Marina Rodriguez,True
Mario Bautista,True
Mario Miranda,True
Mario Neto,False
Marion Reneau,True
Mariya Agapova,True
Mark Bocek,True
Mark Choinski,False
Mark Coleman,True
Mark De La Rosa,True
Mark Eddiva,True
Mark Godbeer,True
Mark Hall,True
Mark Holst,False
Mark Hominick,True
Mark Hughes,True
Mark Hunt,True
Mark Kerr,True
Mark Madsen,True
Mark Muñoz,True
Mark Robinson,True
Mark Scanlon,True
Mark Schultz,True
Mark Striegl,True
Mark Weir,True
Markus Perez,True
Markus Perez Echeimberg,True
Marlon Moraes,True
Marlon Vera,True
Marnic Mann,False
Marquel Mederos,False
Martin Bravo,True
Martin Buday,True
Martin Day,True
Martin Kampmann,True
Martin Sano Jr.,False
Martin Svensson,True
Martín Bravo,True
Marvin Eastman,True
Marvin Vettori,True
Maryna Moroz,True
Masanori Kanehara,True
Masio Fullen,False
Mason Jones,True
Masutatsu Yano,True
Mateus Mendonça,False
Mateusz Gamrot,True
Mateusz Rębecki,True
Matheus Camilo,False
Matheus Nicolau,True
Mats Nilsson,True
Matt Andersen,True
Matt Arroyo,True
Matt Bessette,True
Matt Brown,True
Matt Dwyer,True
Matt Frevola,True
Matt Grice,True
Matt Hamill,True
Matt Hobar,True
Matt Horwich,True
Matt Hughes,True
Matt Lindland,True
Matt Lucas,True
Matt Mitrione,True
Matt Riddle,True
Matt Sayles,False
Matt Schnell,True
Matt Serra,True
Matt Van Buren,True
Matt Veach,True
Matt Wiman,True
Matthew Lopez,True
Matthew Riddle,True
Matthew Semelsberger,True
Maurice Greene,True
Maurice Smith,True
Maurício Rua,True
Maurício Ruffy,True
Max Gimenis,False
Max Griffin,True
Max Holloway,True
Max Rohskopf,False
Maxim Grishin,True
Maximo Blanco,True
Maycee Barber,True
Mayra Bueno Silva,True
Megan Anderson,True
Mehdi Baghdad,True
Melinda Fábián,True
Melissa Croden,False
Melissa Gatto,True
Melissa Martinez,True
Melissa Mullins,False
Melquizael Costa,False
Melsik Baghdasaryan,True
Melton Bowen,False
Melvin Guillard,True
Merab Dvalishvili,True
Michael Aswell,False
Michael Bisping,True
Michael Chandler,True
Michael Chiesa,True
Michael Graves,True
Michael Hill,True
Michael Johnson,True
Michael Kuiper,True
Michael McBride,True
Michael McDonald,True
Michael Morales,True
Michael Page,True
Michael Patt,False
Michael Trizano,True
Michal Figlak,False
Michał Figlak,False
Michał Oleksiejczuk,True
Micheal Gillmore,False
Michel Batista,True
Michel Pereira,True
Michel Prazeres,True
Michel Quiñones,False
Michelle Montague,False
Michelle Waterson,True
Michelle Waterson-Gomez,True
Michihiro Omigawa,True
Michinori Tanaka,True
Mick Parkin,True
Mickael Lebout,True
Mickaël Lebout,True
Mickey Gall,True
Miesha Tate,True
Miguel Baeza,True
Miguel Torres,True
Mike Breeden,False
Mike Brown,True
Mike Ciesnolevicz,False
Mike Davis,True
Mike De La Torre,True
Mike Easton,True
Mike Grundy,True
Mike Guymon,True
Mike Jackson,True
Mike King,True
Mike Kyle,True
Mike Lullo,False
Mike Malott,True
Mike Massenzio,True
Mike Mathetha,False
Mike Nickels,False
Mike Perry,True
Mike Pierce,True
Mike Pyle,True
Mike Rhodes,True
Mike Ricci,True
Mike Rio,True
Mike Rodríguez,True
Mike Russow,True
Mike Santiago,True
Mike Stumpf,False
Mike Swick,True
Mike Van Arsdale,True
Mike Wessel,True
Mike Whitehead,True
Mike Wilkinson,True
Mike van Arsdale,True
Mikey Burnett,True
Milana Dudieva,True
Miles Johns,True
Milton Vieira,True
Minoki Ichihara,False
Miranda Granger,True
Miranda Maverick,True
Mirko Cro Cop,True
Mirsad Bektić,True
Misha Cirkunov,True
Mitch Clarke,True
Mitch Gagnon,True
Mitch Ramirez,True
Mitch Raposo,False
Mizuki Inoue,True
Mizuto Hirota,True
Modestas Bukauskas,True
Mohammad Usman,True
Mohammad Yahya,False
Mohammed Usman,True
Mohegan Sun Arena,True
Molly McCann,True
Montana De La Rosa,True
Montel Jackson,True
Montserrat Rendon,False
Montserrat Ruiz,True
Morgan Charrière,False
Mostapha al-Turk,True
Moti Horenstein,False
Motonobu Tezuka,False
Mounir Lazzez,True
Movsar Evloev,True
Muhammad Mokaev,True
Muhammad Naimov,True
Muin Gafurov,False
Murilo Bustamante,True
Muslim Salikhov,True
Myktybek Orolbai,True
Myles Jury,True
Márcio Alexandre Jr.,False
Márcio Cruz,True
Mário Pinto,True
Na Liang,False
Nad Narimani,True
Nadia Kassem,True
Nah-Shon Burrell,True
Nam Phan,True
Nandor Guelmino,False
Naoki Inoue,True
Naoyuki Kotani,True
Nasrat Haqparast,True
Nassourdine Imavov,True
Natan Levy,True
Nate Diaz,True
Nate Landwehr,True
Nate Loughran,True
Nate Maness,True
Nate Marquardt,True
Nate Mohr,True
Nate Quarry,True
Nate Schroeder,False
Nathan Coy,True
Nathan Fletcher,True
Nathaniel Wood,True
Nationwide Arena,True
Natália Silva,True
Navajo Stirling,False
Nazareno Malegarie,True
Nazim Sadykhov,True
Neil Grove,True
Neil Magny,True
Neil Seery,True
Neil Wain,False
Nicco Montaño,True
Nick Agallar,False
Nick Aguirre,False
Nick Catone,True
Nick Denis,True
Nick Diaz,True
Nick Fiore,False
Nick Hein,True
Nick Klein,True
Nick Maximov,True
Nick Osipczak,True
Nick Pace,True
Nick Penner,False
Nick Ring,True
Nick Roehrick,False
Nick Sanzo,False
Nick Serra,False
Nick Thompson,True
Nico Musoke,True
Nicolae Negumereanu,True
Nicolas Dalby,True
Nicolle Caliari,False
Nik Lentz,True
Nikita Krylov,True
Niklas Bäckström,True
Niklas Stolze,True
Niko Price,True
Nikolas Motta,False
Nikolay Veretennikov,False
Nina Ansaroff,True
Nina Nunes,True
Ning Guangyou,True
Nissen Osterneck,False
Noad Lahat,True
Noe Hernandez,True
Nohelin Hernandez,False
Nolan Ticman,False
Nora Cornolle,True
Nordine Taleb,True
Norifumi Yamamoto,True
Norma Dumont,True
Norman Parke,True
"Nov 30, 2013",False
Nursulton Ruziboev,True
Nurullo Aliev,False
Nyamjargal Tumendemberel,False
Oban Elliott,False
Ode' Osbourne,True
Oleg Taktarov,True
Oli Thompson,True
Oliver Enkamp,True
Olivier Aubin-Mercier,True
Oluwale Bamgbose,True
Omar Morales,True
Omari Akhmedov,True
Onassis Parungao,False
Orion Cosce,False
Orlando Wiet,True
Oskar Piechota,False
Ottman Azaitar,True
Oumar Sy,True
Ovince Saint Preux,True
Ozzy Diaz,False
Pablo Garza,True
Paddy Holohan,True
Paddy Pimblett,True
Paige VanZant,True
Palms Casino Resort,True
Pannie Kianzad,True
Papy Abedi,True
Park Hyun-sung,True
Park Jun-yong,True
Parker Porter,True
Pascal Krauss,True
Pat Audinwood,False
Pat Barry,True
Pat Healy,True
Pat Miletich,True
Pat Sabatini,True
Pat Schilling,False
Patchy Mix,True
Patrick Cummins,True
Patrick Côté,True
Patrick Smith,True
Patrick Walsh,True
Patrick Williams,True
Patrício Pitbull,True
Paul Bradley,True
Paul Buentello,True
Paul Craig,True
Paul Creighton,True
Paul Daley,True
Paul Felder,True
Paul Georgieff,True
Paul Herrera,False
Paul Jones,True
Paul Kelly,True
Paul Redmond,False
Paul Rodriguez,True
Paul Sass,True
Paul Taylor,True
Paul Varelans,True
Paulo Costa,True
Paulo Santos,True
Paulo Thiago,True
Pawel Pawlak,True
Paweł Pawlak,True
Payton Talbott,True
Pearl Gonzalez,True
Pedro Falcão,False
Pedro Munhoz,True
Pedro Nobre,False
Pedro Rizzo,True
Peggy Morgan,True
Per Eklund,True
Pete Rodriguez,True
Pete Sell,True
Pete Spratt,True
Pete Williams,True
Peter Barrett,True
Peter Sobotta,True
Petr Yan,True
Phil Baroni,True
Phil Davis,True
Phil De Fries,True
Phil Harris,True
Phil Hawes,True
Phil Johns,False
Philip Rowe,True
Philipe Lins,True
Phillip Miller,True
Phillipe Nover,True
Piera Rodríguez,False
Piotr Hallmann,True
Poliana Botelho,True
Polo Reyes,True
Polyana Viana,True
Preston Parsons,True
Priscila Cachoeira,True
Puja Tomar,True
Punahele Soriano,True
Quang Le,True
Quillan Salkilld,False
Quinn Mulhern,True
Quinton Jackson,True
Rachael Ostovich,True
Rafa García,True
Rafael Alves,True
Rafael Carino,False
Rafael Cavalcante,True
Rafael Estevam,False
Rafael Fiziev,True
Rafael Natal,True
Rafael dos Anjos,True
Rafaello Oliveira,True
Raffael Cerqueira,False
Rainy Martinez,False
Ramazan Emeev,True
Ramazan Temirov,False
Rameau Thierry Sokoudjou,True
Ramiz Brahimaj,True
Ramon Taveras,False
Ramona Pascual,False
Ramsey Nijem,True
Randa Markos,True
Randy Brown,True
Randy Costa,True
Randy Couture,True
Rani Yahya,True
Raoni Barcelos,True
Raphael Assunção,True
Raphael Pessoa,True
Raquel Pennington,True
Rashad Coulter,True
Rashad Evans,True
Rashid Magomedov,True
Raul Rosas Jr.,True
Raulian Paiva,True
Ravena Oliveira,False
Ray Borg,True
Ray Rodriguez,True
Ray Wizard,False
Rayanne dos Santos,True
Razak Al-Hassan,False
Reese Andy,True
Reginaldo Vieira,False
Rei Tsuruya,False
Reinier de Ridder,True
Remco Pardoel,True
Renan Barão,True
Renato Moicano,True
Renato Sobral,True
Renato Verissimo,True
Renzo Gracie,True
Renée Forte,True
Reuben Duran,True
Rex Holman,True
Reza Madadi,True
Reza Nasri,False
Rhys McKee,False
Ricardo Abreu,False
Ricardo Almeida,True
Ricardo Funch,True
Ricardo Lamas,True
Ricardo Ramos,True
Ricardo Romero,True
Ricco Rodriguez,True
Rich Attonito,True
Rich Clementi,True
Rich Crunkilton,True
Rich Franklin,True
Richard Walsh,True
Richardson Moreira,False
Richie Hightower,True
Richie Smullen,False
Richie Vaculik,True
Rick Davis,True
Rick Story,True
Ricky Glenn,True
Ricky Rainey,True
Ricky Simón,True
Ricky Turcios,False
Riki Fukuda,True
Rin Nakai,True
Rinat Fakhretdinov,True
Rinya Nakamura,True
Rizvan Kuniev,True
Roan Carneiro,True
Rob Broughton,True
Rob Emerson,True
Rob Font,True
Rob Kimmons,True
Rob MacDonald,True
Rob Wilkinson,True
Rob Yundt,False
Robbie Lawler,True
Robbie Peralta,True
Robelis Despaigne,True
Robert Bryczek,True
Robert Drysdale,True
Robert Lucarelli,False
Robert Ruchała,True
Robert Valentin,False
Robert Whiteford,True
Robert Whittaker,True
Roberto Romero,True
Roberto Sanchez,True
Roberto Traven,True
Rocky Lee,False
Rodney Wallace,True
Rodolfo Bellato,False
Rodolfo Rubio,False
Rodolfo Vieira,True
Rodrigo Damm,True
Rodrigo Nascimento,True
Rodrigo Ruas,False
Rodrigo Sezinando,False
Rodrigo de Lima,True
Roger Bowling,True
Roger Gracie,True
Roger Hollett,True
Roger Huerta,True
Roger Narvaez,True
Roger Zapata,False
Rogério Bontorin,True
Roland Delorme,True
Roland Payne,False
Rolando Bedoya,False
Rolando Delgado,True
Rolando Dy,True
Roldan Sangcha-an,False
Rolles Gracie Jr.,True
Roman Bogatov,False
Roman Dolidze,True
Roman Kopylov,True
Roman Mitichyan,True
Roman Salazar,True
Romie Aram,False
Ron Faircloth,False
Ron Stallings,True
Ron Waterman,True
Ron van Clief,True
Ronald Jhun,True
Ronaldo Rodríguez,False
Ronaldo Souza,True
Ronda Rousey,True
Rong Zhu,True
Ronnie Lawrence,False
Ronny Markes,True
Rony Jason,True
Rony Mariano Bezerra,True
Ronys Torres,False
Roosevelt Roberts,True
Roque Martinez,True
Rory MacDonald,True
Rory Markham,True
Rory Singer,True
Rose Namajunas,True
Rosi Sexton,True
Ross Pearson,True
Ross Pointon,True
Rostem Akman,False
Rousimar Palhares,True
Roxanne Modafferi,True
Roy Nelson,True
Royce Alger,True
Royce Gracie,True
Royston Wee,True
Ruan Potts,True
Rudyard Moncayo,False
Ruslan Magomedov,True
Russell Doane,True
Rustam Khabilov,True
Ryan Bader,True
Ryan Benoit,True
Ryan Couture,True
Ryan Hall,True
Ryan Janes,True
Ryan Jensen,True
Ryan Jimmo,True
Ryan LaFlare,True
Ryan Loder,False
Ryan MacDonald,True
Ryan Madigan,False
Ryan McGillivray,False
Ryan Parker,False
Ryan Roberts,True
Ryan Spann,True
Ryan Thomas,True
Ryo Chonan,True
Sabah Homasi,True
Sabina Mazo,True
Saeed Hosseini,False
Sage Northcutt,True
Said Nurmagomedov,True
Saidyokub Kakhramonov,False
Saimon Oliveira,False
Sako Chivitchian,True
Salim Touahri,True
Sam Adkins,True
Sam Alvey,True
Sam Fulton,False
Sam Hoger,True
Sam Hughes,True
Sam Morgan,True
Sam Patterson,True
Sam Sicilia,True
Sam Stout,True
Samy Schiavo,False
Sanae Kikuta,True
Santiago Luna,True
Santiago Ponzinibbio,True
Saparbek Safarov,True
Sara McMann,True
Sarah Alpar,False
Sarah Frota,False
Sarah Kaufman,True
Sarah Moras,True
Sasha Palatnikov,True
Satoshi Honma,True
Scott Adams,True
Scott Askham,True
Scott Baker,True
Scott Bessac,False
Scott Ferrozzo,True
Scott Fiedler,False
Scott Holtzman,True
Scott Jorgensen,True
Scott Junk,False
Scott Morris,True
Scott Smith,True
Sean Alvarez,True
Sean Brady,True
Sean Daugherty,False
Sean Gannon,True
Sean McCorkle,True
Sean O'Connell,True
Sean O'Malley,True
Sean Pierson,True
Sean Salmon,True
Sean Sharaf,False
Sean Sherk,True
Sean Soriano,True
Sean Spencer,True
Sean Strickland,True
Sean Woodson,True
Sedriques Dumas,False
Semmy Schilt,True
Seo Hee Ham,True
Sergei Pavlovich,True
Sergey Khandozhko,True
Sergey Morozov,True
Serghei Spivac,True
Sergio Pettis,True
Serhiy Sidey,False
Seth Baczynski,True
Seth Petruzelli,True
Seung Woo Choi,True
Sevak Magakian,False
Shamar Bailey,True
Shamil Abdurakhimov,True
Shamil Gamzatov,True
Shamil Gaziev,True
Shana Dobson,True
Shane Burgos,True
Shane Campbell,True
Shane Carwin,True
Shane Howell,True
Shane Nelson,True
Shane Primm,True
Shane Roller,True
Shane Young,True
Shane del Rosario,True
Shanna Young,True
Shannon Gugerty,True
Shannon Ross,False
Sharabutdin Magomedov,True
Shauna Bannon,False
Shavkat Rakhmonov,True
Shawn Jordan,True
Shayilan Nuerdanbieke,True
Shayna Baszler,True
Sheila Gaff,True
Sheldon Westcott,True
Sherman Pendergarst,False
Sheymon Moraes,True
Shi Ming,True
Shinsho Anzai,True
Shonie Carter,True
Shunichi Shimizu,True
Sijara Eubanks,True
Silvana Gómez Juárez,True
Simeon Thoresen,True
Sione Latu,True
Sirwan Kakai,False
Siyar Bahadurzada,True
Soa Palelei,True
Sodiq Yusuff,True
Solomon Hutcherson,True
Song Kenan,True
Song Yadong,True
Spencer Fisher,True
Spike Carlyle,True
Stanislav Nedkov,True
Stefan Sekulić,False
Stefan Struve,True
Stephan Bonnar,True
Stephanie Egger,True
Stephanie Luciano,False
Stephen Bass,True
Stephen Thompson,True
Steve Berger,True
Steve Bossé,True
Steve Bruno,True
Steve Byrnes,True
Steve Cantwell,True
Steve Carl,True
Steve Erceg,True
Steve Garcia,True
Steve Jennum,True
Steve Judson,False
Steve Kennedy,True
Steve Lopez,True
Steve Montgomery,True
Steve Nelmark,True
Steve Steinbeiss,True
Steve Vigneault,False
Steven Graham,False
Steven Koslow,False
Steven Lynch,True
Steven Nguyen,False
Steven Peterson,True
Steven Siler,True
Stevie Ray,True
Stewart Nicoll,False
Stipe Miocic,True
Su Mudaerji,True
Sultan Aliev,True
Suman Mokhtarian,True
Suman Mokhtarian (FW),False
Sung Bin Jo,False
Syuri Kondo,True
Sérgio Moraes,True
T. J. Grant,True
T.J. Brown,True
T.J. Dillashaw,True
T.J. Laramie,False
T.J. O'Brien,False
TJ Waldburger,True
Tabatha Ricci,True
Tae Hyun Bang,True
Tafon Nchukwi,True
Tagir Ulanbekov,True
Tai Bowden,False
Tai Tuivasa,True
Taila Santos,True
Tainara Lisboa,False
Taiyilake Nueraji,False
Takanori Gomi,True
Takashi Sato,True
Takenori Sato,True
Takeya Mizugaki,True
Talita Alencar,True
Talita Bernardo,True
Tallison Teixeira,True
Tamdan McCrory,True
Tamires Vidal,False
Tank Abbott,True
Tanner Boser,True
Tarec Saffiedine,True
Tateki Matsuda,True
Tatiana Suarez,True
Tatsuro Taira,True
Tatsuya Kawajiri,True
Taylor Lapilus,True
Te Edwards,False
Tecia Pennington,True
Tecia Torres,True
Tedd Williams,True
Teemu Packalén,True
Teila Tuli,True
Tereza Bledá,False
Terrance McKinney,True
Terrence Mitchell,False
Terrion Ware,True
Terry Etim,True
Terry Martin,True
Teruto Ishihara,True
Thaddeus Luster,False
Thales Leites,True
Themba Gorimbo,True
Thiago Alves,True
Thiago Moisés,True
Thiago Perpétuo,True
Thiago Santos,True
Thiago Silva,True
Thiago Tavares,True
Thibault Gouti,True
Thomas Almeida,True
Thomas Gifford,True
Thomas Petersen,True
Thomas Ramirez,False
Tiago Trator,True
Tiequan Zhang,True
Tiki Ghosn,True
Tim Boetsch,True
Tim Credeur,True
Tim Elliott,True
Tim Gorman,True
Tim Hague,True
Tim Kennedy,True
Tim Lajcik,True
Tim McKenzie,True
Tim Means,True
Tim Sylvia,True
Tim Williams,True
Timothy Cuamba,False
Timothy Johnson,True
Timur Valiev,True
Tina Lähdemäki,False
Tito Ortiz,True
Todd Brown,True
Todd Butler,True
Todd Duffee,True
Todd Medina,False
Tofiq Musayev,True
Tom Aspinall,True
Tom Blackledge,False
Tom Breese,True
Tom DeBlass,True
Tom Duquesnoy,True
Tom Egan,True
Tom Gallicchio,False
Tom Lawlor,True
Tom Murphy,True
Tom Niinimäki,True
Tom Nolan,True
Tom Speer,True
Tom Watson,True
Tomasz Drwal,True
Tommy Hayden,True
Tony DeSouza,True
Tony Ferguson,True
Tony Fryklund,True
Tony Gravely,True
Tony Halme,True
Tony Kelley,True
Tony Petarra,False
Tony Sims,True
Tonya Evinger,True
Tor Troeng,True
Tor Troéng,True
Torrez Finney,False
Toshiomi Kazama,False
Townsend Saunders,True
Toyota Center,True
Tra Telligman,True
Tracy Cortez,True
Travis Browne,True
Travis Fulton,True
Travis Lutter,True
Travis Wiuff,True
Tre'ston Vines,False
Trent Jenkins,True
Tresean Gore,False
Trevin Giles,True
Trevin Jones,True
Trevor Peek,False
Trevor Prangley,True
Trevor Smith,True
Trey Ogden,False
Trey Waters,False
Tristan Connelly,True
Troy Mandaloniz,True
Tsuyoshi Kohsaka,True
Tsuyoshi Kosaka,True
Tucker Lutz,False
Tuco Tokkos,False
Tulio Palhares,False
Tyler Diamond,True
Tyler Toner,True
Tyron Woodley,True
Tyrone Roberts,True
Tyson Griffin,True
Tyson Nam,True
Tyson Pedro,True
Ulka Sasaki,True
Ulysses Gomez,True
Umar Nurmagomedov,True
Uran Satybaldiev,False
Uriah Hall,True
Urijah Faber,True
Uros Jurisic,False
Uroš Medić,True
Vagner Rocha,True
Val Woodburn,False
Valentina Shevchenko,True
Valeri Ignatov,False
Valmir Lazaro,False
Valmir Lázaro,False
Valter Walker,False
Valérie Létourneau,True
Vanessa Demopoulos,True
Vanessa Melo,True
Vaughan Lee,True
Vernon Ramos,False
Vernon White,True
Veronica Hardy,True
Veronica Macedo,True
Viacheslav Borshchev,False
Vicente Luque,True
Victor Altamirano,False
Victor Henry,True
Victor Hugo,True
Victor Martinez,True
Victor Rodriguez,True
Victor Valimaki,False
Victoria Dudakova,False
Victoria Leonardo,True
Vik Grujic,False
Viktor Pešta,True
Viktoriya Dudakova,False
Vinc Pichel,True
Vince Cachero,False
Vince Morales,True
Vincent Cachero,False
Vinicius Moreira,True
Vinicius Oliveira,True
Vinicius Queiroz,True
Vinicius Salvador,False
Vinny Magalhaes,True
Vinny Magalhães,True
Virna Jandiroba,True
Viscardi Andrade,True
Vitor Belfort,True
Vitor Miranda,True
Vitor Petrino,True
Viviane Araújo,True
Viviane Pereira,True
Vladimir Matyushenko,True
Volkan Oezdemir,True
Wade Shipp,False
Wagner Campos,False
Wagner Prado,True
Wagner Silva,False
Waldo Cortes-Acosta,True
Walel Watson,True
Wallid Ismail,True
Walt Harris,True
Wanderlei Silva,True
Wang Anying,False
Wang Cong,True
Wang Guan,True
Wang Sai,True
Warlley Alves,True
Waylon Lowe,True
Wellington Turman,True
Wendell Oliveira,False
Wes Albritton,False
Wes Combs,False
Wes Sims,True
Wesley Correira,True
Westin Wilson,False
Will Brooks,True
Will Campuzano,True
Will Chope,False
Willamy Freire,True
William Gomis,False
William Knight,True
William Macário,True
Willie Gates,True
Wilson Gouveia,True
Wilson Reis,True
Wu Yanan,True
Wuliji Buren,True
Xavier Foupa-Pokam,False
Xiao Long,False
Yadier del Valle,False
Yair Rodríguez,True
Yan Cabral,True
Yan Xiaonan,True
Yana Kunitskaya,True
Yana Santos,True
Yanal Ashmouz,False
Yancy Medeiros,True
Yang Dongi,True
Yanis Ghemmouri,False
Yao Zhikui,True
Yaotzin Meza,True
Yasuhiro Urushitani,True
Yazmin Jauregui,True
Yi Zha,False
Yoel Romero,True
Yohan Lainesse,False
Yoislandy Izquierdo,False
Yoji Anjo,True
Yoo Joo-sang,False
Yorgan De Castro,True
Yorgan de Castro,True
Yosdenis Cedeno,True
Yoshihiro Akiyama,True
Yoshiki Takahashi,True
Yoshinori Horie,False
Yoshiyuki Yoshida,True
You Su-young,False
Yousri Belgaroui,True
Youssef Zalal,True
Yui Chul Nam,True
Yuki Kondo,True
Yuki Sasaki,True
Yuneisy Duben,False
Yuri Vaulin,False
Yuri Villefort,True
Yusaku Kinoshita,False
Yushin Okami,True
Yusuke Kasuya,False
Yves Edwards,True
Yves Jabouin,True
Zabit Magomedsharipov,True
Zac Pauga,False
Zach Light,False
Zach Makovsky,True
Zach Scroggin,False
Zachary Reese,False
Zak Cummings,True
Zak Ottow,True
Zane Frazier,True
Zarah Fairn,True
Zarah Fairn dos Santos,True
Zarrukh Adashev,True
Zelim Imadaev,True
Zhalgas Zhumagulov,True
Zhang Lipeng,True
Zhang Mingyang,True
Zhang Tiequan,True
Zhang Weili,True
Zhumabek Tursyn,True
Zu Anyanwu,False
Zubaira Tukhugov,True
Zviad Lazishvili,False
Álvaro Herrera,True
Édgar Cháirez,False
Érik Pérez,True
İbo Aslan,True
Ľudovít Klein,True
Łukasz Brzeski,False
Łukasz Sajewski,False
Žygimantas Ramaška,False
AJ Wieman,False
Aaron Steed,False
Abraham Baxter,False
Adam Lynn,False
Adrienna Jenkins,True
Akitoshi Tamura,True
Alejandro Garcia,True
Alex Chu Kung,False
Alex Khanbabian,False
Alex Serdyukov,True
Alexandre Franca Nogueira,True
Allan Weickert,False
Alvin Cacdac,False
Amir Rahnavardi,False
Andre Mussi,False
Andrew Martinez,True
Anthony Arria,False
Anthony Fuller,False
Anthony Gonzales,True
Anthony Hamlett,True
Anthony Leone,True
Anthony Morrison,True
Anthony Ruiz,False
Ariel Gandulla,False
Art Santore,False
Ashe Bowman,False
Bao Quach,True
Bendy Casimir,True
Bill Coffman,False
Billy Evangelista,True
Blas Avena,True
Bobby Martin,True
Boyd Ballard,False
Brad Mohler,False
Brandon Foxworth,False
Brandon Olsen,False
Brandon Visher,True
Brendan Seguin,False
Bret Bergmark,True
Brian Olsen,True
Brian Sleeman,False
Brian Stromberg,False
Bruce Nelson,True
Bryan Baker,True
Bryan Pardoe,False
Bryant Garcia,False
Bryson Haubrick,False
Caleb Mitchell,True
Carlos Cordero,True
Carlos Garcia,True
Carlton Jones,False
Casey Olson,True
Cassio Werneck,True
Chad George,True
Chance Farrar,False
Charles Price,True
Charlie Kohler,False
Charlie Pearson,True
Chase Beebe,True
Chin Seng,False
Chino Esparza,False
Chris Botelho,False
Chris Horodecki,True
Chris Irvine,True
Chris Manuel,False
Chris Mickle,False
Chris Mooney,True
Chris Solomon,False
Chris Williams,True
Chuck Grigsby,True
Clint Godfrey,False
Cole Province,False
Colley Bradford,False
Corey Salter,True
Cory Cass,False
Coty Wheeler,True
Courtney Buck,False
Craig Zellner,False
Cruz Gomez,False
Daisuke Ishii,False
Dan Marks,False
Dan Molina,False
Daniel Camarillo,False
Dave Jansen,True
Dave Terrel,False
David Avellan,True
David Bancroft,True
Dax Bruce,False
Deividas Taurosevičius,True
Del Hawkins,False
Deshaun Johnson,False
Devin Cole,True
Diallo Baza,False
Don Rugebreght,False
Donny Rider,False
Doug Marshall,True
Drew Dimanlig,False
Ed Ratcliff,True
Ed Tomaselli,False
Ed Wedding,False
Eddy Ellis,False
Emanuel Newton,True
Eric Duus,False
Eric Ramirez,True
Eric Schambari,True
Eric Schwartz,True
Eric Swartz,False
Erick Husbands,False
Erik Apple,True
Erik Mainiai,False
Ernie Tiserino,False
Fernando Gonzalez,True
Frank Gomez,True
Fred Diaz,False
Fredson Paixao,True
Gabe Garcia,True
Gabriel Cruz Tenorio,False
Gabriel Garcia,True
Gary Padilla,False
Gary Quan,False
Gigo Jara,False
Gilbert Rael,False
Greg McIntyre,False
Hannibal Adofo,False
Harris Sarmiento,False
Hiromitsu Miura,True
Hiroyuki Takaya,True
Houssain Oushani,False
Isaias Martinez,False
Isidro Gonzalez,True
Ivan Lopez,True
J.T. Taylor,True
Jack Cardenas,False
Jack Morrison,True
Jameel Massouh,True
James Cottrell,True
James Gabert,False
James Nevarez,False
Jarrod Kwitty,False
Jason Biswell,False
Jason Glaza,False
Jason Guida,True
Jason Jones,True
Jason Maxwell,True
Jason Pratt,False
Jay White,True
Jeff Bedard,False
Jeff Terry,False
Jeremiah Billington,False
Jeremy Freitag,False
Jeremy Lang,False
Jerry Vrbanovic,False
Jesse Heck,False
Jesse Moreng,False
Jimmy Ambriz,False
Jimmy Dexter,False
Jimmy Terrel,False
Jody Poff,False
Joe Benoit,True
Joe Hurley,True
Joe Martin,True
Joe Pearson,True
Joe Salcido,False
Joel Suprenant,False
Joel Surprenant,False
Joel Thomas,True
John Appleby,True
John Franchi,True
John Hosman,False
John Letters,True
John Rallo,False
Johnny Fadella,False
Johnny Sampaio,False
Jonathan Mix,False
Jorge Evangelista,False
Jorge Oliveira,True
Josh Diekmann,True
Josh Green,True
Josh Hayes,True
Josh Houlgate,False
Josh McDonald,False
Josh Smith,True
Jude Hargett,False
Justin Haskins,False
Justin Hawes,False
Justin McElfresh,False
Justin Robbins,False
Justin Wieman,False
Karen Darabedyan,True
Keith Berry,True
Kengo Ura,False
Kenji Osawa,True
Kenneth Alexander,True
Kenny Ento,False
Keri Scarr,False
Kevin Knabjian,True
Kory Hangas,False
Kyle Dietz,False
Kyle Jensen,True
Kyle York,True
LC Davis,True
Lace Pele,False
Lalo Moz,False
Leandro Niza,False
Levi Thornbrue,False
Luciano Oliveira,False
Luis Santos,True
Mack Brewer,False
Manny Tapia,True
Marcelo Brito,False
Marcos Galvao,True
Marcus Blood,False
Marcus Hicks,True
Mario Rivera,True
Micah Miller,False
Michael Brown,True
Michael MacDonald,True
Miguel Cosio,False
Mike Alirez,False
Mike Budnik,True
Mike Campbell,True
Mike Castillo,True
Mike Dexter,True
Mike French,True
Mike Joy,True
Mike Lindquist,False
Mike Moreno,True
Mike Penalber,False
Mike Serr,False
Muhsin Corbbrey,False
Nick Ertl,False
Nick Gilardi,False
Noah Thomas,True
Olaf Alfonso,False
Pat Minihan,False
Patrick Kaase,False
Patrick Murphy,True
Paul Jenkins,True
Paul Moreno,True
Paul Morris,True
Paulo Filho,True
Pedro Tome,False
Phil Cardella,True
Phil Collins,True
Phil Ensminger,False
Philip Perez,False
Phillip Wyman,False
Poppies Martinez,True
Rafael Del Real,False
Rafael Dias,True
Rafael Rebello,True
Rafael del Real,False
Randy Bowers,False
Randy Hauer,False
Randy Rowe,True
Randy Spence,False
Raven Seymon,False
Ray Benavides,False
Ricardo Barros,True
Richard Crunkilton,True
Richard Montoya,True
Rob Clarke,True
Rob Cole,False
Rob McCullough,True
Robert Breslin,False
Robert Densley,False
Rocky Batastini,False
Rolando Perez,True
Rolland Parli,False
Ross Ebanez,False
Royden Demotta,False
Ryan Ackerman,True
Ryan Healy,True
Ryan Schultz,True
Ryan Stonitsch,False
Sam Wells,True
Savant Young,True
Scott Carson,True
Scott McAfee,True
Scott Norton,True
Sean Liddell,False
Sergio Gomez,True
Seth Dikun,False
Seth Woodill,False
Shannon Ritch,True
Sherk Julian,False
Sherron Leggett,False
Sidney Silva,False
Stephen Ledbetter,False
Steve Cutler,True
Steve Harper,True
Steve Ramirez,True
Tait Fletcher,True
Terroll Dees,False
Terry Dull,False
Thomas Denny,True
Thomas Schulte,False
Tim Dominquez,False
Toby Imada,True
Todd Moore,True
Tom Owens,True
Tommy Lee,True
Tony Alanis,False
Tony Asam,False
Tony Lopez,True
Tosh Cook,False
Travis Doerge,False
Travis Stuart,False
Trevor Harris,True
Troy Miller,True
Van Palacio,False
Victor Estrada,True
Victor Parfenov,False
Wagnney Fabiano,True
Walt Hughes,False
Walt Pels,False
Wander Braga,False
Will Bradford,False
Will Kerr,True
Will Ribeiro,True
Yoshiro Maeda,True
Zach Micklewright,False
Achmed Labasanov,False
Aji Susilo,False
Akira Shoji,True
Alberto Del Rio,True
Alexander Emelianenko,True
Alexander Otsuka,True
Alexandru Lungu,True
Allan Goes,True
Andrei Kopylov,True
Antônio Schembri,False
Bazigit Atajev,True
Bertrand Amoussou,True
Bob Sapp,True
Bob Schrijber,True
Brady Fink,False
Branko Cikatić,True
Brian Lo-A-Njoe,True
Carl Ognibene,True
Chalid Arrab,True
Charles Bennett,True
Choi Mu-Bae,True
Clay French,True
Cory Peterson,False
Crosley Gracie,False
Daijiro Matsui,True
Daisuke Nakamura,True
Daisuke Sugie,False
Daniel Acácio,True
Daniel Gracie,True
David Abbott,True
Demetrius Gioulacos,False
Denis Sobolev,True
Edson Claas Vieira,False
Egan Inoue,True
Egidijus Valavičius,True
Eldar Kurtanidze,True
Emmanuel Yarborough,True
Eoh Won Jin,False
Eric Esch,True
Ernesto Hoost,True
Eun Soo Lee,False
Evangelista Santos,True
Fabio Mello,True
Fatih Kocamis,True
Fedor Emelianenko,True
Francisco Bueno,False
George Randolph,True
Gilles Arsene,False
Gregory Bouchelaghem,False
Han Ten Yun,False
Hans Nijman,True
Henry Armstrong Miller,True
Herman Renting,True
Hidehiko Yoshida,True
Hiroki Kurosawa,False
Hiromitsu Kanehara,True
Hirotaka Yokoi,True
Hiroyuki Abe,True
Ibragim Magomedov,False
Igor Vovchanchyn,True
In Seok Kim,False
Iouri Kotchkine,False
Jadyson Costa,False
James Thompson,True
Jan Nortje,True
Jason Suttie,True
Jean-François Lénogue,False
Jerrel Venetiaan,True
Joachim Hansen,True
Joey Villaseñor,True
Johil de Oliveira,True
John Dixson,False
John Renken,False
José Landi,False
Juan Mott,False
Jukei Nakajima,False
Jérôme Le Banner,True
Kazuhiro Hamanaka,True
Kazuki Okubo,False
Kazunari Murakami,True
Kazuo Misaki,True
Kazuo Takahashi,True
Kazuyuki Fujita,True
Ken Kaneko,True
Kenji Arai,True
Kim Jin Oh,False
Kim Jong Wang,False
Kiyoshi Tamura,True
Kyle Sturgeon,False
Kyosuke Sasaki,True
Kęstutis Smirnovas,True
Kōji Kitao,True
Larry Parker,True
Lee Tae-Hyun,False
Lloyd van Dams,True
Luciano Azevedo,False
Luiz Azeredo,True
Luiz Firmino,True
Mahmud Aliyev,True
Makoto Takimoto,True
Mal Foki,False
Mario Sperry,True
Masaaki Satake,True
Masakazu Imanari,True
Masanori Suda,True
Matt Foki,False
Matt Skelton,True
Michiyoshi Ohara,True
Mike Barton,True
Mike Bencić,False
Mike Bourke,False
Mikhail Illoukhine,True
Minoru Toyonaga,False
Mirko Filipović,True
Murad Chunkaiev,False
Murilo Rua,True
Naoki Matsushita,True
Naoki Sano,True
Naoya Ogawa,True
Nathan Jones,True
Nobuaki Kakuda,True
Nobuhiko Takada,True
Nobuhiro Obiya,False
Osamu Tachihikari,False
Paulo César da Silva,True
Pawel Nastula,True
Pedro Otávio,False
Ralph Gracie,True
Ralph White,True
Ricardo Arona,True
Ricardo Morais,True
Rickson Gracie,True
Rodney Glunder,True
Rodrigo Gracie,True
Roman Zentsov,True
Rony Sefo,True
Royler Gracie,True
Rulon Gardner,True
Ryan Gracie,True
Ryuichi Murata,True
Ryuki Ueyama,True
Ryuta Sakurai,True
Scott Bills,False
Sean O'Haire,True
Seichi Ikemoto,True
Sergei Kharitonov,True
Sergey Ignatov,True
Shamoji Fujii,False
Shinya Aoki,True
Shungo Oyama,True
Soichi Nishida,False
Sokun Koh,False
Stefan Leko,True
Steve White,True
Tadao Yasuda,True
Takahiro Oba,False
Takashi Sugiura,True
Takayuki Okada,True
Tasis Petridis,True
Tatsuya Iwasaki,False
Tim Catalfo,True
Tokimitsu Ishizawa,True
Tom Erikson,True
Tomohiko Hashimoto,True
Tomomi Iwama,False
Travis Galbraith,False
Tully Kulihaapai,False
Valentijn Overeem,True
Wataru Sakata,True
William van Roosmalen,False
Willie Peeters,True
Zuluzinho,True
Xue Do Won,False
Yasuhito Namekawa,True
Yoon Dong-Sik,True
Yoshiaki Yatsu,True
Yoshihiro Nakao,True
Yoshihiro Takayama,True
Yoshihisa Yamamoto,True
Yoshinori Sasaki,True
Yuji Hisamatsu,False
Yuki Ishikawa,True
Yukio Kawabe,True
Yusuke Imamura,True
Yōsuke Nishijima,True
Zelg Galešić,True
Antwain Britt,True
Bobby Lashley,True
Brett Rogers,True
Conor Heun,True
Daniel Puder,True
Gesias Cavalcante,True
Gina Carano,True
Herschel Walker,True
James Terry,True
Justin Wilcox,True
Louis Taylor,True
Lumumba Sayers,False
Marius Žaromskis,True
Marloes Coenen,True
Muhammed Lawal,True
Ray Sefo,True
Scott Lighty,True
Adam McDonough,True
Akop Stepanyan,True
Alexander Sarnavskiy,True
Alexandre Bezerra,True
Alexis Vila,True
Andreas Spång,True
Attila Végh,True
Brandon Halsey,True
Brent Weedman,True
Brett Cooper,True
Brian Warren,True
Bryan Goldsby,True
Bubba Jenkins,True
Carey Vanier,True
Chris Lozano,True
Christian M'Pumbu,True
Cole Konrad,True
Cristiano Souza,True
Dada 5000,True
Dakota Cochrane,True
Dan Charles,True
Dan Hornbuckle,True
Derrick Mehmen,True
Dom O'Grady,False
Ed West,True
Eric Prindle,True
Eric Reynolds,True
Frank Caraballo,True
Herman Terrado,True
J. J. Ambrose,True
Jacob McClintock,False
Jacob Noe,True
Jared Hess,True
Jason Fischer,True
Jeremy Spoon,True
Joe Schilling,True
Josh Burns,True
Justin Baesman,True
Karl Amoussou,True
Kelly Anundson,True
Kenny Foster,True
LaRue Burley,True
Lloyd Woodard,True
Luis Nogueira,True
Luis Palomino,True
Magomedrasul Khasbulaev,True
Mark Holata,True
Marlon Sandro,True
Mighty Mo,True
Mike Bronzoulis,True
Mike Corey,True
Mike Richman,True
Mikhail Zayats,True
Mikkel Parlo,True
Nate James,True
Nick Rossborough,False
Omar de la Cruz,True
Perry Filkins,True
Peter Graham,True
Rad Martinez,True
Rafael Silva,True
Raphael Butler,True
Raul Amaya,True
Ricardo Tirloni,True
Rich Hale,True
Rick Hawn,True
Rodney Wallance,False
Rodrigo Lima,True
Ron Keslar,True
Ron Sparks,True
Ronnie Mann,True
Rudy Bears,True
Ryan Ford,True
Ryan Martinez,True
Saul Almeida,True
Shahbulat Shamhalaev,True
Tony Johnson,True
Travis Marx,True
Tyler Stinson,True
Virgil Zwicker,True
Vitaly Minakov,True
Vitor Vianna,True
Vyacheslav Vasilevsky,True
War Machine,True
Abigail Montes,False
Abril Anguiano,False
Ailed Zubieta,False
Alesha Zappitella,True
Alexandra Lawal,False
Alyssa Linduska,False
Amanda Torres,False
Amber Medina,False
Ana Palacios,True
Andressa Romero,False
Anna Somers,False
Ashley Barrett,True
Barbara Grabowska,True
Charlsey Maner,False
Claire Guthrie,False
Claire Lopez,False
Ediana Silva,False
Elise Pone,False
Fallon Johnson,False
Fernanda Orellana,False
Flor Hernandez,False
Giulliany Perêa,False
Hilarie Rose,False
Hope Holmes,False
Hérica Tibúrcio,True
Jackie Cataline,False
Jaeleen Robledo,False
Jamie Edenden,False
Jennifer Chieng,True
Jillian DeCoursey,True
Josiane Oliveira,False
Joy Pendell,False
Julia Dorny,True
Kate Bacik,False
Katharina Lehner,True
Katie Saull,False
Kellie Marin,False
Kelly Ottoni,False
Kendal Holowell,False
Kristina Williams,False
Ky Bennett,False
Laura Gallardo,False
Liana Pirosin,False
Linda Mihalec,False
Liz Tracy,False
Magdalena Czaban,False
Maria Djukic,False
Maria Jose Favela,False
Marilia Morias,False
Marisa Messer-Belenchia,False
Mayra Cantuária,False
Meaghan Penning,False
Monique Adriane,False
Nayara Maia,False
Nicole Geraldo,False
Olga Rubin,True
Quinn Williams,False
Rayla Nascimento,False
Riley Martinez,False
Sandra Lavado,False
Saori Oshima,True
Sayury Cañon,False
Shino VanHoose,True
Taneisha Tennant,True
Taylor Guardado,False
Taynara Silva,False
Thaiane Souza,False
Valesca Machado,True
Violeta Mendoza,False
Yasmin Castanho,False
Yulia Ostroverkhova,False
Zoe Nowicki,False
>115 Ib >52.2 kg,False
>125 Ib >56.7 kg,False
>135 Ib >61.2 kg,False
>145 Ib >65.8 kg,False
>155 Ib >70.3 kg,False
>170 Ib >77.1 kg,False
>185 Ib >83.9 kg,False
>205 Ib >93 kg,False
A. J. McKee,True
Aaron Jeffery,True
Abbas Khan,True
Abdelrahman Alhyasat,False
Abderrahman Errachidy,False
Abdoul Abdouraguimov,False
Abdoullah Kane,False
Abdul Razac Sankara,False
Abdullah Al-Qahtani,True
Abdullah Saleem,False
Abraham Bably,False
Adam Meskini,False
Adam Piccolotti,True
Ahmed Abdel Baset,False
Ahmed El Sisy,False
Ahmed Sami,False
Alain Majorique,False
Alan Domínguez,False
Alan Philpott,True
Aleksandr Chizov,False
Alexander Luster,False
Alexandr Romanov,True
Alexandr Shabliy,True
Alexei Pergande,False
Alfie Davis,True
Ali Taleb,False
Ali Yazbeck,False
Amin Ayoub,False
Amir Fazli,False
Anas Azizoun,False
Andrey Koreshkov,True
Anthony Romero,True
Antonio Caruso,False
Any number within parenthesis in a fighter's record symbolizes a no contest,False
Archie Colgan,False
Asaël Adjoudj,False
Ashley Thiner,False
Asiashu Tshitamba,False
Assem Ghanem,False
Ayinda Octave,False
Ayman Galal,False
Badr Medkouri,False
Badreddine Diani,False
Baris Adiguzel,False
Baysangur Chamsoudinov,False
Ben Woolliss,False
Benyamin Ghahreman,False
Biaggio Ali Walsh,False
Bobby King,True
Boris Mbarga Atangana,False
Boule Godogo,False
Brent Primus,True
Brice Belghazi,False
British Boloyoang,False
Bruno Fontes,True
Bruno Miranda,True
Bryce Meredith,True
Caolon Loughran,False
Catalin Safta,False
Chelsea Hackett,True
Ciarán Clarke,True
Claudio Pacella,False
Cleiver Fernandes,False
Connor Hughes,True
Cédric Doumbé,True
Dakota Ditcheva,True
Dalton Rosta,False
Daniele Miceli,False
Darragh Kelly,False
Dean Garnett,False
Decky McAleenan,False
Denis Goltsov,True
Denise Kielholtz,True
Desmond Awa Tamungang,False
Diana Avsaragova,True
Dovletdzhan Yagshimuradov,True
Drissi Boualem,False
Dwight Joseph,False
Dylan Tuke,False
Ekaterina Shakalova,True
Elbert Lukas Steyn,False
Elora Dana,False
Elvin Espinoza,False
Eman Almudhaf,False
Emilios Dassi,False
Eoin Sheridan,False
Eslam Abdul Baset,False
Fabian Edwards,True
Fahdi Khaled,False
Florim Zendeli,False
Frans Mlambo,False
Frederik Dupras,False
Gabriel Alves Braga,False
Gadzhi Rabadanov,True
Gavin Hughes,False
Gemma Auld,False
Georges Eid,False
Giannis Bachar,False
Gino van Steenis,False
Grégory Babene,False
Gustavo Oliveira,True
Hadi Omar Al Hussaini,False
Haider Khan,True
Hattan Alsaif,False
Henry Corrales,True
Hussein Salem,True
Ibragim Ibragimov,True
Ibrahima Mané,False
Ilara Joanne,False
Islam Reda,False
Islam Youssef,False
Izzeddine Al Derbani,False
Jacinta Austin,False
Jack Cartwright,True
Jakub Kaszuba,True
Jan Ciepłowski,False
Jarrah Hussein Al-Silawi,False
Jashell Ticha Awa,False
Jay Jay Wilson,False
Jean-Jacques Lubaya,False
Joffie Houlton,False
Johnny Eblen,True
Jonas Bilharinho,False
Jordan Newman,False
Joseph Luciano,False
Josh Reed,True
Josh Silveira,False
João Vitor Dantas,False
Juliana Velasquez,True
Julien Lopez,True
Juliet Ukah,False
Justin Clarke,True
Justin Wetzell,False
Karim Henniene,False
Karl Albrektsson,True
Karl Moore,True
Kasum Kasumov,False
Kendly St. Louis,False
Khamzat Abaev,False
Khasan Magomedsharipov,True
Kunle Lawal,False
Lazaro Dayron,False
Leah McCourt,True
Leandro Higo,True
Levi Batchelor,False
Lewis McGrillen-Evans,False
Linton Vassell,True
Lisa Mauldin,False
Logan Storley,True
Lorenzo Parente,True
Luann Sardinha,False
Luke Trainer,False
Magomed Magomedkerimov,True
Magomed Magomedov,True
Magomed Umalatov,True
Mahio Campanella,False
Mahmoud Atef,False
Makkasharip Zaynukov,False
Malik Basahel,False
Mansour Barnaoui,True
Marcel Adur,False
Marcelo Nunes,False
Marcirley Alves,True
Mark Ewen,False
Masayuki Kikuiri,False
Matheus Mattos,False
Matiss Zaharovs,False
Maxwell Djantou Nana,False
Mickaël Groguhe,False
Mike Hamel,True
Mike Shipman,False
Mirafzal Akhtamov,False
Mohamed Camara,True
Mohamed Zarey,False
Mohammad Alaqraa,False
Mohammad Ben Yahia,False
Mohammad Fahmi,True
Mohsen Mohammadseifi,True
Moktar Benkaci,False
Mostafa Abada Rashed Neda,False
Movlid Khaybulaev,True
Movsar Ibragimov,False
Mukhamed Berkhamov,True
Murad Ramazanov,True
Nahom Wedi,False
Nathan Kelly,False
Nawras Abzakh,False
Nick Meck,False
Nicolas Di Franco,False
Nkosi Ndebele,False
Oleg Popov,True
Omar El Dafrawy,False
Omar Hussein,True
Osvaldo Benedito,False
Otto Rodrigues,False
Patrick Habirora,False
Patrick Ocheme,False
Paul Hughes,True
Paul-Emmanuel Gnaze,False
Paulina Wiśniewska,True
Pouya Rahmani,True
Rachid El Hazoume,False
Rafael Xavier,False
Raihere Dudes,False
Ramazan Kuramagomedov,True
Rasul Magomedov,False
Raufeon Stots,True
Renan Ferreira,True
Renat Khavalov,False
Rob Whiteford,True
Robert Watley,False
Sabrinna de Sousa,False
Sadibou Sy,True
Salah Eddine Hamli,False
Salvatore Liga,False
Salvo Giudice,False
Sammy-Jo Luxton,False
Sanon Sadeck,False
Sara Collins,True
Saray Orozco,False
Sarek Shields,False
Sarvarjon Khamidov,False
Savannah Marshall,True
Sean Gauci,False
Sebastien Di Franco,False
Sergey Bilostenniy,False
Sergio Cossio,False
Shamil Musaev,True
Shannon van Tonder,False
Shido Boris Esperanca,False
Simbarashe Hokonya,False
Simeón Powell,False
Sinead Kavanagh,True
Slim Trabelsi,False
Souhil Tahiri,False
Steve Mowry,False
Sullivan Cauley,True
Sumiko Inaba,True
Tae Kyun Kim,False
Taha Bendaoud,False
Takeshi Izumi,False
Tariq Ismail,False
Thad Jean,True
Timur Khizriev,True
Tiziano Ferranti,False
Vacant,True
Vadim Nemkov,True
Valentin Moldavsky,True
Valentina Scatizzi,False
Vilson Ndregjoni,False
Vinicius Cenci,False
Wasiu Adeshina,False
Wilker Nsamo,False
Yabna N’Tchalá,False
Yves Landu,False
Zebenzui Ruiz,False
Ziad Ayman Mokhtar,False
Ádám Borics,True
Akira Okada,False
Alan Yamaniha,False
Alibek Gadzhammatov,False
Anastasiya Svetkivska,False
Ayaka Hamasaki,True
Ayaka Watanabe,True
BeyNoah,True
Chihiro Suzuki,True
Daichi Kitakata,True
Erson Yamamoto,False
Haruka Hasegawa,False
Hideo Tokoro,True
Hidetaka Arato,False
Hiroaki Suzuki,True
Hiromasa Ougikubo,True
Hiroya Kondo,False
Hyuma Yasui,False
Igor Tanabe Guimarães,False
Ilkhom Nazimov,False
Jo Arai,True
Joe Hiramoto,False
Joji Goto,False
Juan Archuleta,True
Juntaro Ushiku,False
Junya Hibino,False
Juri Ohara,False
Karshyga Dautbek,False
Kate Oyama,False
Kazuma Kuramoto,False
Kazumasa Majima,False
Kenta Takizawa,False
Kim Kyung-pyo,False
Kim Soo-chul,True
King Edokpolo,False
Kleber Koike Erbst,True
Koji Takeda,False
Kota Miura,True
Kouzi,True
Kyohei Hagiwara,False
Kyoma Akimoto,False
Luiz Gustavo,True
Machi Fukuda,False
Magerram Gasanzade,False
Makoto Takahashi,True
Mamoru Uoi,False
Mehman Mamedov,False
Mikio Ueda,False
Mikuru Asakura,True
Nkazimulo Zulu,False
Ren Hiramoto,True
Rena Kubota,True
Rikuto Shirakawa,False
Ryo Okada,False
Ryo Takagi,False
Ryusei Ashizawa,True
Ryuya Fukuda,False
Satoshi Yamasu,False
Shim Yu-ri,False
Shinobu Ota,True
Sho Patrick Usami,False
Shohei Nose,False
Shoko Sato,False
Shoma Shibisai,False
Shunta Nomura,False
Shuya Kimura,False
Sora Yamamoto,False
Suguru Nii,False
Taichi Nakajima,False
Taisei Nishitani,False
Taisei Sakuraba,False
Takahiro Ashida,False
Takakenshin,True
Takaki Soya,False
Takeji Yokoyama,False
Tetsuya Seki,False
Tony Laramie,False
Topnoi Kiwram,False
Tsuyoshi Sudario,True
Viktor Kolesnik,False
Vugar Karamov,False
YA-MAN,True
Yang Ji-yong,False
Yoshiki Nakahara,False
Yuki Ito,True
Yuki Motoya,False
Yusaku Inoue,False
Yusaku Nakamura,False
Yushi,True
Yusuke Yachi,True
Yuta Kubo,True
Yutaka Saito,True
Yutaro Muramoto,False
Yuto Hokamura,False
Yuya Shibata,False
